ipc_subclass,total_patents,granted_patents,unique_families,earliest_year,latest_year,avg_citations,ipc_section,ipc_section_name,grant_rate,time_span
A61K,16083074,7966039,1648466,1889,9999,26.67,A,Human Necessities,49.53,8110
G06F,10412010,5589802,3790886,1894,9999,23.49,G,Physics,53.69,8105
H01L,9471825,5556852,2268677,1900,9999,18.4,H,Electricity,58.67,8099
A61P,8247430,3821222,1065249,1926,9999,27.94,A,Human Necessities,46.33,8073
C07D,7405343,4238182,628830,1882,9999,27.62,C,Chemistry; Metallurgy,57.23,8117
H04N,6491533,3763108,1654933,1819,9999,31.7,H,Electricity,57.97,8180
G01N,5794385,3401386,2135604,1899,9999,16.59,G,Physics,58.7,8100
C07C,5468323,3458852,633304,1882,9999,16.33,C,Chemistry; Metallurgy,63.25,8117
H04L,4753867,2860973,1517151,1884,9999,28.24,H,Electricity,60.18,8115
H01M,4637919,2589996,908450,1884,9999,11.97,H,Electricity,55.84,8115
B01D,4478191,3071674,1720109,1866,9999,8.2,B,Performing Operations; Transporting,68.59,8133
A61B,4193367,2520166,1271861,1899,9999,52.89,A,Human Necessities,60.1,8100
H04W,4061415,2349272,807627,1907,9999,28.12,H,Electricity,57.84,8092
B29C,4035633,2620387,1166671,1877,9999,11.36,B,Performing Operations; Transporting,64.93,8122
B65D,4023279,2727268,1445035,1877,9999,8.29,B,Performing Operations; Transporting,67.79,8122
C12N,3589114,1762958,630644,1889,9999,34.95,C,Chemistry; Metallurgy,49.12,8110
C08L,3246214,1759658,772178,1856,9999,14.0,C,Chemistry; Metallurgy,54.21,8143
G06Q,3147276,1170566,1259855,1924,9999,22.47,G,Physics,37.19,8075
B32B,3064731,1933391,732393,1888,9999,9.73,B,Performing Operations; Transporting,63.09,8111
B01J,2871288,1777732,762116,1855,9999,14.72,B,Performing Operations; Transporting,61.91,8144
G02B,2752903,1572577,1028270,1844,9999,15.78,G,Physics,57.12,8155
G11B,2665365,1457587,723870,1819,9999,14.79,G,Physics,54.69,8180
B65G,2393580,1714104,1120887,1886,9999,4.64,B,Performing Operations; Transporting,71.61,8113
C08F,2367592,1482477,373703,1867,9999,22.06,C,Chemistry; Metallurgy,62.62,8132
H05K,2315137,1466969,1129085,1889,9999,9.26,H,Electricity,63.36,8110
C07K,2309789,1151196,311319,1897,9999,39.73,C,Chemistry; Metallurgy,49.84,8102
H01R,2287837,1637614,792312,1883,9999,8.26,H,Electricity,71.58,8116
C02F,2184105,1356039,931337,1866,9999,6.13,C,Chemistry; Metallurgy,62.09,8133
C08K,2169359,1057143,531193,1885,9999,10.22,C,Chemistry; Metallurgy,48.73,8114
H04B,2129321,1290205,768609,1896,9999,23.51,H,Electricity,60.59,8103
C08G,2121113,1258809,447596,1852,9999,16.07,C,Chemistry; Metallurgy,59.35,8147
F21V,2077722,1569789,817714,1849,9999,5.59,F,Mechanical Engineering; Lighting; Heating; Weapons; Blasting,75.55,8150
A23L,2020000,900525,656045,1861,9999,10.08,A,Human Necessities,44.58,8138
A61M,1981708,1284640,660559,1890,9999,34.19,A,Human Necessities,64.82,8109
B23K,1944740,1286139,767067,1875,9999,7.78,B,Performing Operations; Transporting,66.13,8124
C09D,1935126,977424,431528,1854,9999,12.03,C,Chemistry; Metallurgy,50.51,8145
A01N,1893851,989896,300558,1882,9999,18.18,A,Human Necessities,52.27,8117
G01R,1866553,1191126,911516,1880,9999,8.38,G,Physics,63.81,8119
A61F,1856610,1174477,556964,1858,9999,44.42,A,Human Necessities,63.26,8141
G06T,1825843,936089,765423,1920,9999,16.27,G,Physics,51.27,8079
H02K,1823338,1095766,676079,1877,9999,7.74,H,Electricity,60.1,8122
B65H,1785494,1214958,725490,1877,9999,5.91,B,Performing Operations; Transporting,68.05,8122
F24F,1764830,1137204,640657,1878,9999,4.48,F,Mechanical Engineering; Lighting; Heating; Weapons; Blasting,64.44,8121
C04B,1660579,933829,514092,1879,9999,10.2,C,Chemistry; Metallurgy,56.24,8120
H01H,1583608,1033682,638241,1884,9999,6.09,H,Electricity,65.27,8115
B24B,1564957,1153535,512820,1879,9999,3.85,B,Performing Operations; Transporting,73.71,8120
F16H,1542784,1007657,556116,1877,9999,8.97,F,Mechanical Engineering; Lighting; Heating; Weapons; Blasting,65.31,8122
B41J,1539139,864626,565629,1856,9999,15.26,B,Performing Operations; Transporting,56.18,8143
G06K,1536315,890623,820032,1885,9999,21.08,G,Physics,57.97,8114
F16K,1524058,1089618,613047,1877,9999,5.25,F,Mechanical Engineering; Lighting; Heating; Weapons; Blasting,71.49,8122
C23C,1482964,851504,450523,1879,9999,18.36,C,Chemistry; Metallurgy,57.42,8120
F16L,1478709,1033894,634348,1879,9999,7.54,F,Mechanical Engineering; Lighting; Heating; Weapons; Blasting,69.92,8120
B60R,1475056,894734,704336,1898,9999,12.19,B,Performing Operations; Transporting,60.66,8101
H04M,1473238,825335,595247,1894,9999,26.88,H,Electricity,56.02,8105
A61L,1449036,858365,443405,1878,9999,25.6,A,Human Necessities,59.24,8121
E21B,1444206,1010009,493271,1869,9999,15.22,E,Fixed Constructions,69.94,8130
G02F,1435768,824852,532957,1899,9999,16.78,G,Physics,57.45,8100
B08B,1423747,1067860,801392,1892,9999,2.95,B,Performing Operations; Transporting,75.0,8107
E04B,1374977,947623,696066,1879,9999,4.76,E,Fixed Constructions,68.92,8120
H02J,1366396,790242,705924,1890,9999,11.1,H,Electricity,57.83,8109
B01F,1355826,1052428,502188,1885,9999,5.06,B,Performing Operations; Transporting,77.62,8114
H05B,1330582,798413,580277,1877,9999,14.69,H,Electricity,60.0,8122
G03G,1311065,661664,508285,1910,9999,7.46,G,Physics,50.47,8089
C22C,1309090,739100,347582,1884,9999,9.21,C,Chemistry; Metallurgy,56.46,8115
B65B,1299404,920397,494508,1897,9999,6.94,B,Performing Operations; Transporting,70.83,8102
H01J,1281549,748673,404291,1819,9999,10.91,H,Electricity,58.42,8180
G01S,1272783,730725,419044,1887,9999,20.74,G,Physics,57.41,8112
B21D,1210189,886503,550476,1859,9999,4.08,B,Performing Operations; Transporting,73.25,8140
H01B,1202093,777559,445962,1879,9999,6.56,H,Electricity,64.68,8120
B62D,1174209,747546,543611,1882,9999,8.59,B,Performing Operations; Transporting,63.66,8117
G06N,1166048,474838,529267,1960,9999,9.21,G,Physics,40.72,8039
A01G,1150868,705728,681435,1877,9999,3.42,A,Human Necessities,61.32,8122
H01F,1142515,705794,457204,1889,9999,7.23,H,Electricity,61.78,8110
C11D,1139583,601540,126747,1859,9999,21.98,C,Chemistry; Metallurgy,52.79,8140
C09K,1123641,642008,381146,1879,9999,18.95,C,Chemistry; Metallurgy,57.14,8120
G01B,1114486,727681,632559,1877,9999,8.93,G,Physics,65.29,8122
B02C,1111920,847754,419263,1891,9999,2.68,B,Performing Operations; Transporting,76.24,8108
G03B,1108982,631797,530188,1883,9999,8.57,G,Physics,56.97,8116
B23Q,1108808,814710,639153,1884,9999,4.68,B,Performing Operations; Transporting,73.48,8115
A47J,1087454,753045,544764,1880,9999,6.17,A,Human Necessities,69.25,8119
E06B,1066949,764466,476993,1878,9999,4.53,E,Fixed Constructions,71.65,8121
F26B,1063213,811934,392489,1877,9999,2.64,F,Mechanical Engineering; Lighting; Heating; Weapons; Blasting,76.37,8122
A47B,1050895,770551,497956,1863,9999,3.58,A,Human Necessities,73.32,8136
H01Q,1047226,647360,268338,1900,9999,16.18,H,Electricity,61.82,8099
A61Q,1047226,529495,266091,1898,9999,19.73,A,Human Necessities,50.56,8101
F04D,1026663,721794,372522,1889,9999,5.69,F,Mechanical Engineering; Lighting; Heating; Weapons; Blasting,70.3,8110
G09G,1018070,578309,338599,1902,9999,19.49,G,Physics,56.8,8097
G11C,1009180,700597,245560,1907,9999,20.9,G,Physics,69.42,8092
C08J,1004559,562800,399621,1879,9999,14.92,C,Chemistry; Metallurgy,56.02,8120
C12Q,990090,455725,288263,1909,9999,26.39,C,Chemistry; Metallurgy,46.03,8090
G06V,985169,392438,315452,1921,9999,7.6,G,Physics,39.83,8078
C09J,967408,509378,223706,1879,9999,12.22,C,Chemistry; Metallurgy,52.65,8120
F16D,965474,626477,362721,1870,9999,8.54,F,Mechanical Engineering; Lighting; Heating; Weapons; Blasting,64.89,8129
G09F,961443,572698,577123,1894,9999,8.95,G,Physics,59.57,8105
A63B,961162,621738,427446,1876,9999,11.24,A,Human Necessities,64.69,8123
B05B,954643,674416,368043,1883,9999,8.88,B,Performing Operations; Transporting,70.65,8116
A01K,951076,620541,560837,1894,9999,6.39,A,Human Necessities,65.25,8105
C01B,919655,553136,387523,1855,9999,13.06,C,Chemistry; Metallurgy,60.15,8144
F02M,916755,549104,324308,1884,9999,9.16,F,Mechanical Engineering; Lighting; Heating; Weapons; Blasting,59.9,8115
A63F,900783,512644,444024,1877,9999,13.9,A,Human Necessities,56.91,8122
F16C,890568,551034,352664,1878,9999,7.59,F,Mechanical Engineering; Lighting; Heating; Weapons; Blasting,61.87,8121
H02M,879236,537603,376484,1898,9999,9.51,H,Electricity,61.14,8101
B60K,874313,527702,413536,1880,9999,11.88,B,Performing Operations; Transporting,60.36,8119
F16B,864195,568005,408150,1856,9999,8.42,F,Mechanical Engineering; Lighting; Heating; Weapons; Blasting,65.73,8143
G03F,862193,493037,247782,1855,9999,16.12,G,Physics,57.18,8144
F04B,858091,564521,321729,1892,9999,8.48,F,Mechanical Engineering; Lighting; Heating; Weapons; Blasting,65.79,8107
F02D,854956,515408,250419,1897,9999,12.12,F,Mechanical Engineering; Lighting; Heating; Weapons; Blasting,60.28,8102
D06M,851092,456264,135265,1882,9999,13.33,D,Textiles; Paper,53.61,8117
G08B,849889,509739,452377,1892,9999,13.09,G,Physics,59.98,8107
G05B,839078,482622,501201,1819,9999,14.24,G,Physics,57.52,8180
F16F,816044,553225,425318,1893,9999,7.07,F,Mechanical Engineering; Lighting; Heating; Weapons; Blasting,67.79,8106
E02D,812060,548296,471135,1894,9999,3.15,E,Fixed Constructions,67.52,8105
B26D,811816,625319,318476,1894,9999,3.36,B,Performing Operations; Transporting,77.03,8105
E05B,810477,574758,320591,1877,9999,6.58,E,Fixed Constructions,70.92,8122
C12P,797076,444250,212585,1890,9999,31.05,C,Chemistry; Metallurgy,55.73,8109
B60W,776540,424796,184365,1903,9999,15.6,B,Performing Operations; Transporting,54.7,8096
H03K,764495,492473,306218,1898,9999,10.42,H,Electricity,64.42,8101
A47C,762512,528993,347435,1872,9999,8.76,A,Human Necessities,69.38,8127
A47L,760748,484847,339379,1878,9999,9.51,A,Human Necessities,63.73,8121
F16M,753780,612644,355688,1883,9999,2.67,F,Mechanical Engineering; Lighting; Heating; Weapons; Blasting,81.28,8116
H04R,752419,469470,336274,1876,9999,12.33,H,Electricity,62.39,8123
E04G,751480,542687,442196,1902,9999,2.64,E,Fixed Constructions,72.22,8097
G10L,732199,408518,181627,1906,9999,24.98,G,Physics,55.79,8093
H02G,712511,497337,442462,1894,9999,4.75,H,Electricity,69.8,8105
E04H,712179,495014,454668,1885,9999,3.67,E,Fixed Constructions,69.51,8114
B25J,711567,431649,314133,1902,9999,11.84,B,Performing Operations; Transporting,60.66,8097
B22D,704042,457620,295287,1878,9999,5.73,B,Performing Operations; Transporting,65.0,8121
C07F,703599,438012,162507,1899,9999,21.15,C,Chemistry; Metallurgy,62.25,8100
H02P,701310,413578,257629,1900,9999,9.49,H,Electricity,58.97,8099
F25B,696338,419275,307859,1877,9999,8.24,F,Mechanical Engineering; Lighting; Heating; Weapons; Blasting,60.21,8122
F02B,695655,430608,272240,1882,9999,10.95,F,Mechanical Engineering; Lighting; Heating; Weapons; Blasting,61.9,8117
G01C,688357,416946,382670,1891,9999,14.94,G,Physics,60.57,8108
H02B,684570,545129,291282,1884,9999,1.83,H,Electricity,79.63,8115
E04F,681485,458501,404411,1897,9999,6.79,E,Fixed Constructions,67.28,8102
G01M,681221,455332,458478,1895,9999,6.21,G,Physics,66.84,8104
F21S,679819,475194,461474,1897,9999,5.87,F,Mechanical Engineering; Lighting; Heating; Weapons; Blasting,69.9,8102
B60L,678068,386940,291254,1898,9999,10.55,B,Performing Operations; Transporting,57.07,8101
H01S,675600,390086,178586,1899,9999,15.74,H,Electricity,57.74,8100
A23K,663586,210432,130973,1866,9999,6.94,A,Human Necessities,31.71,8133
F25D,657497,405034,303928,1881,9999,6.31,F,Mechanical Engineering; Lighting; Heating; Weapons; Blasting,61.6,8118
G05D,656782,405089,398340,1882,9999,13.72,G,Physics,61.68,8117
D06F,655313,392805,275846,1860,9999,5.83,D,Textiles; Paper,59.94,8139
B60T,652169,410024,207251,1877,9999,10.58,B,Performing Operations; Transporting,62.87,8122
B66C,633703,438955,302443,1877,9999,3.08,B,Performing Operations; Transporting,69.27,8122
B07B,623179,490903,273164,1861,9999,2.22,B,Performing Operations; Transporting,78.77,8138
H01G,617787,352458,181180,1900,9999,10.17,H,Electricity,57.05,8099
B25B,610711,462410,392867,1876,9999,5.1,B,Performing Operations; Transporting,75.72,8123
F01N,602457,366777,179286,1902,9999,12.54,F,Mechanical Engineering; Lighting; Heating; Weapons; Blasting,60.88,8097
A61N,592299,350790,232650,1899,9999,33.99,A,Human Necessities,59.23,8100
C21D,589868,369652,233246,1894,9999,6.27,C,Chemistry; Metallurgy,62.67,8105
G01F,583700,385342,294916,1877,9999,8.93,G,Physics,66.02,8122
B05D,582208,332418,222980,1888,9999,13.45,B,Performing Operations; Transporting,57.1,8111
B23B,574699,411703,308726,1888,9999,6.65,B,Performing Operations; Transporting,71.64,8111
A47G,574476,363557,428592,1856,9999,4.14,A,Human Necessities,63.28,8143
C03C,573837,334483,163874,1883,9999,17.06,C,Chemistry; Metallurgy,58.29,8116
A41D,571805,379315,251468,1889,9999,5.16,A,Human Necessities,66.34,8110
A61G,564992,405649,297702,1877,9999,8.43,A,Human Necessities,71.8,8122
G09B,560988,351390,374623,1891,9999,9.97,G,Physics,62.64,8108
G01D,552984,341858,325856,1899,9999,8.08,G,Physics,61.82,8100
C12M,544969,342067,189149,1891,9999,13.36,C,Chemistry; Metallurgy,62.77,8108
A61H,539988,357060,353506,1877,9999,6.09,A,Human Necessities,66.12,8122
B63B,528957,321063,264789,1890,9999,5.7,B,Performing Operations; Transporting,60.7,8109
C22B,517686,322763,160053,1878,9999,7.28,C,Chemistry; Metallurgy,62.35,8121
F24H,517509,345673,258769,1877,9999,2.56,F,Mechanical Engineering; Lighting; Heating; Weapons; Blasting,66.8,8122
B22F,517347,289563,169274,1899,9999,11.28,B,Performing Operations; Transporting,55.97,8100
B05C,516362,363324,226794,1877,9999,6.66,B,Performing Operations; Transporting,70.36,8122
G08G,514292,273351,269700,1904,9999,16.68,G,Physics,53.15,8095
D21H,513244,299447,102012,1859,9999,15.77,D,Textiles; Paper,58.34,8140
B60C,502511,316503,159683,1894,9999,10.73,B,Performing Operations; Transporting,62.98,8105
B41M,492174,256554,153696,1879,9999,11.74,B,Performing Operations; Transporting,52.13,8120
A01D,490095,328001,252411,1860,9999,4.7,A,Human Necessities,66.93,8139
B66B,487871,307294,218873,1889,9999,5.91,B,Performing Operations; Transporting,62.99,8110
C07H,486920,283033,108881,1899,9999,42.68,C,Chemistry; Metallurgy,58.13,8100
A43B,486020,325544,178058,1885,9999,11.7,A,Human Necessities,66.98,8114
F15B,484585,328610,217842,1903,9999,5.7,F,Mechanical Engineering; Lighting; Heating; Weapons; Blasting,67.81,8096
C03B,480879,315832,162558,1877,9999,11.09,C,Chemistry; Metallurgy,65.68,8122
F28F,480521,309460,217886,1881,9999,7.93,F,Mechanical Engineering; Lighting; Heating; Weapons; Blasting,64.4,8118
B60N,479571,311813,204965,1894,9999,10.43,B,Performing Operations; Transporting,65.02,8105
C25D,474889,291677,162975,1882,9999,8.54,C,Chemistry; Metallurgy,61.42,8117
C10G,471973,308544,136254,1868,9999,16.86,C,Chemistry; Metallurgy,65.37,8131
B28B,469195,314779,229970,1863,9999,5.45,B,Performing Operations; Transporting,67.09,8136
B41F,467239,326049,192528,1884,9999,7.86,B,Performing Operations; Transporting,69.78,8115
C09B,466975,303343,117102,1865,9999,10.94,C,Chemistry; Metallurgy,64.96,8134
H04Q,461095,275784,235431,1885,9999,19.8,H,Electricity,59.81,8114
G01L,458204,295567,240272,1899,9999,9.34,G,Physics,64.51,8100
B23P,457602,312156,335670,1898,9999,6.11,B,Performing Operations; Transporting,68.22,8101
F16J,450954,295214,227213,1872,9999,7.04,F,Mechanical Engineering; Lighting; Heating; Weapons; Blasting,65.46,8127
E04C,448520,290697,249639,1893,9999,7.17,E,Fixed Constructions,64.81,8106
H02H,447351,286181,232634,1900,9999,8.04,H,Electricity,63.97,8099
G07F,444912,255818,220416,1888,9999,26.84,G,Physics,57.5,8111
C10M,443133,266724,83520,1870,9999,15.94,C,Chemistry; Metallurgy,60.19,8129
B29B,439593,292142,198412,1901,9999,7.4,B,Performing Operations; Transporting,66.46,8098
H03M,438162,290737,157907,1877,9999,19.37,H,Electricity,66.35,8122
F01D,436980,287245,146409,1882,9999,12.85,F,Mechanical Engineering; Lighting; Heating; Weapons; Blasting,65.73,8117
F21Y,436744,327165,348723,1903,9999,6.39,F,Mechanical Engineering; Lighting; Heating; Weapons; Blasting,74.91,8096
C12R,435255,244393,175760,1920,9999,23.47,C,Chemistry; Metallurgy,56.15,8079
A61C,435239,273587,166008,1878,9999,17.78,A,Human Necessities,62.86,8121
E02F,433961,283825,184062,1889,9999,6.35,E,Fixed Constructions,65.4,8110
B21B,430986,281411,174756,1878,9999,5.4,B,Performing Operations; Transporting,65.29,8121
G16H,430150,158535,147752,1966,2024,24.86,G,Physics,36.86,58
B66F,423457,300731,219303,1878,9999,3.66,B,Performing Operations; Transporting,71.02,8121
F04C,420296,263893,140772,1880,9999,7.51,F,Mechanical Engineering; Lighting; Heating; Weapons; Blasting,62.79,8119
B64C,419198,283413,187267,1876,9999,10.99,B,Performing Operations; Transporting,67.61,8123
B23D,415354,308652,217601,1877,9999,4.41,B,Performing Operations; Transporting,74.31,8122
A01C,413739,264632,267743,1877,9999,3.98,A,Human Necessities,63.96,8122
F24C,413668,262879,244240,1879,9999,4.02,F,Mechanical Engineering; Lighting; Heating; Weapons; Blasting,63.55,8120
H04J,406063,264085,146320,1898,9999,34.47,H,Electricity,65.04,8101
G01J,401896,241550,174874,1880,9999,12.74,G,Physics,60.1,8119
H03H,393582,227044,142091,1880,9999,12.41,H,Electricity,57.69,8119
B62B,386062,294363,188818,1881,9999,4.23,B,Performing Operations; Transporting,76.25,8118
E01C,380685,268241,219954,1894,9999,4.53,E,Fixed Constructions,70.46,8105
A01B,376699,248496,212741,1871,9999,4.18,A,Human Necessities,65.97,8128
D04H,374715,223421,79599,1889,9999,20.51,D,Textiles; Paper,59.62,8110
A47K,374383,227468,245357,1876,9999,5.4,A,Human Necessities,60.76,8123
A23G,374171,215143,88470,1888,9999,17.26,A,Human Necessities,57.5,8111
C10L,373964,216688,102038,1875,9999,13.93,C,Chemistry; Metallurgy,57.94,8124
A45D,371191,238504,177389,1880,9999,7.88,A,Human Necessities,64.25,8119
G03C,370027,218982,106414,1882,9999,8.92,G,Physics,59.18,8117
B30B,367750,263262,180712,1859,9999,4.74,B,Performing Operations; Transporting,71.59,8140
B60J,364659,227739,191199,1902,9999,7.85,B,Performing Operations; Transporting,62.45,8097
A45C,363998,252817,185299,1877,9999,4.83,A,Human Necessities,69.46,8122
E02B,357667,248881,226791,1889,9999,3.49,E,Fixed Constructions,69.58,8110
F28D,356951,224213,211159,1877,9999,8.03,F,Mechanical Engineering; Lighting; Heating; Weapons; Blasting,62.81,8122
H03F,356095,222035,113266,1896,9999,10.79,H,Electricity,62.35,8103
D03D,355332,218541,139267,1888,9999,6.02,D,Textiles; Paper,61.5,8111
C30B,350423,208056,111399,1883,9999,14.46,C,Chemistry; Metallurgy,59.37,8116
E21D,350285,239302,195794,1877,9999,3.26,E,Fixed Constructions,68.32,8122
A24F,347225,186124,102270,1877,9999,26.75,A,Human Necessities,53.6,8122
G01K,343134,222855,181460,1900,9999,7.39,G,Physics,64.95,8099
G01V,341218,217096,162210,1880,9999,14.17,G,Physics,63.62,8119
A63H,339929,225093,170459,1878,9999,6.49,A,Human Necessities,66.22,8121
F27D,339317,240486,180611,1883,9999,4.94,F,Mechanical Engineering; Lighting; Heating; Weapons; Blasting,70.87,8116
F03D,337839,202049,124023,1882,9999,9.47,F,Mechanical Engineering; Lighting; Heating; Weapons; Blasting,59.81,8117
A01M,334938,229476,207034,1896,9999,5.02,A,Human Necessities,68.51,8103
E01F,334110,240607,173590,1903,9999,3.94,E,Fixed Constructions,72.01,8096
D01F,332778,183884,115808,1874,9999,13.49,D,Textiles; Paper,55.26,8125
A62C,329584,228176,165708,1877,9999,4.29,A,Human Necessities,69.23,8122
C07B,328699,203062,90661,1903,9999,16.54,C,Chemistry; Metallurgy,61.78,8096
F27B,327004,233053,147166,1878,9999,5.02,F,Mechanical Engineering; Lighting; Heating; Weapons; Blasting,71.27,8121
E04D,326131,213806,174601,1869,9999,5.4,E,Fixed Constructions,65.56,8130
B29L,320148,210921,213779,1950,9999,9.7,B,Performing Operations; Transporting,65.88,8049
B60G,320133,202444,121605,1896,9999,10.73,B,Performing Operations; Transporting,63.24,8103
B60Q,318920,196639,180102,1882,9999,11.09,B,Performing Operations; Transporting,61.66,8117
B29D,315285,204793,142973,1880,9999,13.07,B,Performing Operations; Transporting,64.95,8119
C01G,315025,187648,135307,1894,9999,11.55,C,Chemistry; Metallurgy,59.57,8105
A61J,314482,210955,148770,1877,9999,19.77,A,Human Necessities,67.08,8122
C25B,310658,166700,82587,1892,9999,8.3,C,Chemistry; Metallurgy,53.66,8107
E05F,306651,207378,159345,1899,9999,6.68,E,Fixed Constructions,67.63,8100
C10N,306386,166984,48092,1947,9999,14.96,C,Chemistry; Metallurgy,54.5,8052
F23D,304703,200988,141394,1877,9999,5.77,F,Mechanical Engineering; Lighting; Heating; Weapons; Blasting,65.96,8122
G21C,300279,182749,95311,1883,9999,7.21,G,Physics,60.86,8116
B21C,300275,204335,164627,1877,9999,4.38,B,Performing Operations; Transporting,68.05,8122
A01P,298698,135177,130183,1945,9999,10.69,A,Human Necessities,45.26,8054
A01H,295835,188006,125255,1906,9999,18.65,A,Human Necessities,63.55,8093
E01D,295807,211853,167532,1899,9999,2.83,E,Fixed Constructions,71.62,8100
B64D,293229,197285,150213,1894,9999,10.18,B,Performing Operations; Transporting,67.28,8105
F24D,289118,190311,160867,1879,9999,3.26,F,Mechanical Engineering; Lighting; Heating; Weapons; Blasting,65.82,8120
G01P,288452,178562,140459,1872,9999,10.98,G,Physics,61.9,8127
G07C,285577,164677,183660,1878,9999,17.57,G,Physics,57.66,8121
D06P,284253,154807,65208,1878,9999,9.49,D,Textiles; Paper,54.46,8121
F02C,284040,181026,93139,1861,9999,15.79,F,Mechanical Engineering; Lighting; Heating; Weapons; Blasting,63.73,8138
B31B,283474,204099,97362,1885,9999,7.64,B,Performing Operations; Transporting,72.0,8114
B60H,282798,158424,156313,1886,9999,7.07,B,Performing Operations; Transporting,56.02,8113
A47F,282433,203766,149071,1890,9999,5.73,A,Human Necessities,72.15,8109
E05D,279855,198657,131750,1878,9999,6.43,E,Fixed Constructions,70.99,8121
H02S,279547,191594,174385,1913,9999,2.81,H,Electricity,68.54,8086
E03F,279029,208815,155602,1889,9999,2.27,E,Fixed Constructions,74.84,8110
B29K,278328,171641,121758,1950,9999,14.4,B,Performing Operations; Transporting,61.67,8049
B42D,271694,142644,129858,1894,9999,12.49,B,Performing Operations; Transporting,52.5,8105
B65F,267750,188338,136104,1899,9999,3.51,B,Performing Operations; Transporting,70.34,8100
B60P,266949,183757,170651,1901,9999,5.48,B,Performing Operations; Transporting,68.84,8098
G01G,266648,185306,132132,1894,9999,6.1,G,Physics,69.49,8105
B01L,264724,176203,136022,1900,9999,23.92,B,Performing Operations; Transporting,66.56,8099
B60B,264553,173851,150410,1856,9999,5.57,B,Performing Operations; Transporting,65.71,8143
B07C,263071,179616,115894,1904,9999,5.17,B,Performing Operations; Transporting,68.28,8095
D05B,260303,189312,116711,1877,9999,3.88,D,Textiles; Paper,72.73,8122
B33Y,256006,133906,98571,1997,2024,8.94,B,Performing Operations; Transporting,52.31,27
B22C,255572,170795,123327,1893,9999,5.11,B,Performing Operations; Transporting,66.83,8106
F17C,255202,165737,101531,1902,9999,7.91,F,Mechanical Engineering; Lighting; Heating; Weapons; Blasting,64.94,8097
D04B,251616,172814,106070,1867,9999,6.62,D,Textiles; Paper,68.68,8132
D06B,250873,176043,101896,1877,9999,3.15,D,Textiles; Paper,70.17,8122
H01P,249559,153153,108566,1872,9999,12.14,H,Electricity,61.37,8127
B60S,249326,154563,142926,1901,9999,7.22,B,Performing Operations; Transporting,61.99,8098
B62K,248582,173393,133742,1894,9999,6.88,B,Performing Operations; Transporting,69.75,8105
F23G,245448,152875,105551,1894,9999,5.32,F,Mechanical Engineering; Lighting; Heating; Weapons; Blasting,62.28,8105
B62J,241480,167062,133961,1892,9999,4.35,B,Performing Operations; Transporting,69.18,8107
G02C,237535,152213,93200,1881,9999,15.96,G,Physics,64.08,8118
G08C,231038,145775,162046,1891,9999,18.31,G,Physics,63.1,8108
B03C,227219,149791,113097,1898,9999,8.03,B,Performing Operations; Transporting,65.92,8101
F01L,226605,137623,93784,1894,9999,8.67,F,Mechanical Engineering; Lighting; Heating; Weapons; Blasting,60.73,8105
H10K,226306,95991,56420,1949,9999,12.61,H,Electricity,42.42,8050
B67D,225507,144678,82099,1877,9999,15.74,B,Performing Operations; Transporting,64.16,8122
F24S,219842,138936,98272,1899,9999,7.0,F,Mechanical Engineering; Lighting; Heating; Weapons; Blasting,63.2,8100
B63H,215033,134005,99375,1860,9999,7.02,B,Performing Operations; Transporting,62.32,8139
C21C,212176,134369,94489,1900,9999,4.88,C,Chemistry; Metallurgy,63.33,8099
B09B,210865,122809,120935,1910,9999,4.79,B,Performing Operations; Transporting,58.24,8089
A01F,210218,133763,110139,1877,9999,3.12,A,Human Necessities,63.63,8122
H04H,207626,117811,51021,1905,9999,88.5,H,Electricity,56.74,8094
A46B,207409,130628,93043,1895,9999,10.21,A,Human Necessities,62.98,8104
B26B,205319,133363,93838,1892,9999,12.28,B,Performing Operations; Transporting,64.95,8107
C07J,205244,138574,38266,1904,9999,13.15,C,Chemistry; Metallurgy,67.52,8095
A62B,203248,125026,105331,1880,9999,11.33,A,Human Necessities,61.51,8119
A23B,203056,110717,96666,1860,9999,7.38,A,Human Necessities,54.53,8139
A23C,201969,108817,65186,1886,9999,12.08,A,Human Necessities,53.88,8113
H01C,200421,119164,89812,1894,9999,6.59,H,Electricity,59.46,8105
F21W,199820,154018,154000,1904,9999,3.61,F,Mechanical Engineering; Lighting; Heating; Weapons; Blasting,77.08,8095
E03C,199176,131253,119388,1894,9999,4.18,E,Fixed Constructions,65.9,8105
B21J,198959,139348,94705,1866,9999,5.18,B,Performing Operations; Transporting,70.04,8133
B25H,198383,156942,137223,1900,9999,2.9,B,Performing Operations; Transporting,79.11,8099
G04B,197235,123579,98787,1845,9999,4.8,G,Physics,62.66,8154
E03D,196836,128212,104279,1862,9999,3.84,E,Fixed Constructions,65.14,8137
B28D,196632,142617,91401,1877,9999,4.65,B,Performing Operations; Transporting,72.53,8122
B28C,195026,149717,94588,1895,9999,2.67,B,Performing Operations; Transporting,76.77,8104
G10K,192881,112417,110314,1899,9999,14.53,G,Physics,58.28,8100
B43K,192735,121185,95580,1894,9999,4.41,B,Performing Operations; Transporting,62.88,8105
F01P,191776,117205,89069,1899,9999,7.39,F,Mechanical Engineering; Lighting; Heating; Weapons; Blasting,61.12,8100
B82Y,191608,108656,104117,1973,9999,10.3,B,Performing Operations; Transporting,56.71,8026
D01D,191382,120634,80456,1877,9999,9.84,D,Textiles; Paper,63.03,8122
A21D,188234,88057,62272,1901,9999,8.47,A,Human Necessities,46.78,8098
F02F,188204,116145,91032,1901,9999,7.08,F,Mechanical Engineering; Lighting; Heating; Weapons; Blasting,61.71,8098
D01H,186780,127093,86193,1894,9999,4.58,D,Textiles; Paper,68.04,8105
F42B,185678,129228,80244,1873,9999,9.64,F,Mechanical Engineering; Lighting; Heating; Weapons; Blasting,69.6,8126
G05F,185623,123420,105511,1902,9999,11.85,G,Physics,66.49,8097
C05G,184369,52980,102810,1899,9999,5.41,C,Chemistry; Metallurgy,28.74,8100
F22B,183853,124721,100876,1877,9999,4.98,F,Mechanical Engineering; Lighting; Heating; Weapons; Blasting,67.84,8122
G07D,183702,110579,79295,1899,9999,14.19,G,Physics,60.19,8100
C09C,183416,109739,44291,1877,9999,18.71,C,Chemistry; Metallurgy,59.83,8122
H10N,182527,101427,50737,1879,9999,12.24,H,Electricity,55.57,8120
A44B,181630,123674,83688,1871,9999,9.52,A,Human Necessities,68.09,8128
C08B,181535,110435,69363,1882,9999,17.68,C,Chemistry; Metallurgy,60.83,8117
E01B,178733,128659,87606,1897,9999,5.37,E,Fixed Constructions,71.98,8102
B62M,173903,114739,88242,1893,9999,9.5,B,Performing Operations; Transporting,65.98,8106
E03B,172043,125100,112400,1902,9999,2.42,E,Fixed Constructions,72.71,8097
F03B,171758,92725,85923,1894,9999,6.57,F,Mechanical Engineering; Lighting; Heating; Weapons; Blasting,53.99,8105
E05C,170982,120914,102093,1884,9999,5.71,E,Fixed Constructions,70.72,8115
C23F,170436,103891,82285,1899,9999,13.93,C,Chemistry; Metallurgy,60.96,8100
B24D,169345,107324,64200,1887,9999,17.56,B,Performing Operations; Transporting,63.38,8112
C10B,168997,109613,77556,1870,9999,6.87,C,Chemistry; Metallurgy,64.86,8129
G01T,167232,99349,68262,1902,9999,11.26,G,Physics,59.41,8097
B44C,166454,99959,98011,1899,9999,9.41,B,Performing Operations; Transporting,60.05,8100
D02G,166410,98131,71866,1901,9999,8.23,D,Textiles; Paper,58.97,8098
A23F,164522,81372,102664,1868,9999,6.54,A,Human Necessities,49.46,8131
C05F,163093,85080,83204,1877,9999,5.52,C,Chemistry; Metallurgy,52.17,8122
H03L,162455,109527,56034,1903,9999,15.16,H,Electricity,67.42,8096
D21F,161563,105049,48418,1881,9999,14.36,D,Textiles; Paper,65.02,8118
B66D,160997,115579,82665,1883,9999,3.34,B,Performing Operations; Transporting,71.79,8116
A23N,160364,119084,127576,1899,9999,2.42,A,Human Necessities,74.26,8100
F02P,159415,94987,64772,1901,9999,8.34,F,Mechanical Engineering; Lighting; Heating; Weapons; Blasting,59.58,8098
F41A,159013,112877,54740,1874,9999,8.99,F,Mechanical Engineering; Lighting; Heating; Weapons; Blasting,70.99,8125
B43L,156119,105054,112806,1887,9999,1.96,B,Performing Operations; Transporting,67.29,8112
F16N,154172,112758,91306,1889,9999,3.63,F,Mechanical Engineering; Lighting; Heating; Weapons; Blasting,73.14,8110
E21F,154038,111604,108759,1902,9999,2.32,E,Fixed Constructions,72.45,8097
F23J,152083,103591,95932,1877,9999,3.85,F,Mechanical Engineering; Lighting; Heating; Weapons; Blasting,68.11,8122
C11B,151719,88573,72698,1855,9999,9.62,C,Chemistry; Metallurgy,58.38,8144
A63C,150877,98545,56827,1877,9999,9.3,A,Human Necessities,65.31,8122
F01M,148716,93119,74457,1883,9999,7.18,F,Mechanical Engineering; Lighting; Heating; Weapons; Blasting,62.62,8116
B21F,148657,113052,94179,1895,9999,3.42,B,Performing Operations; Transporting,76.05,8104
B61D,148083,106839,86909,1895,9999,5.38,B,Performing Operations; Transporting,72.15,8104
C21B,147969,98965,73045,1868,9999,5.91,C,Chemistry; Metallurgy,66.88,8131
B04B,146527,103005,54502,1889,9999,8.48,B,Performing Operations; Transporting,70.3,8110
C01F,144049,89867,63628,1884,9999,10.17,C,Chemistry; Metallurgy,62.39,8115
B26F,143923,101791,95448,1877,9999,6.49,B,Performing Operations; Transporting,70.73,8122
B61L,143409,93133,77929,1884,9999,6.41,B,Performing Operations; Transporting,64.94,8115
B23C,143312,101854,76909,1893,9999,7.72,B,Performing Operations; Transporting,71.07,8106
C22F,143224,82811,64649,1902,9999,9.85,C,Chemistry; Metallurgy,57.82,8097
A44C,138306,87571,80409,1879,9999,4.3,A,Human Necessities,63.32,8120
F01K,137604,79400,55727,1882,9999,9.86,F,Mechanical Engineering; Lighting; Heating; Weapons; Blasting,57.7,8117
G16B,136427,49523,29771,1985,2024,25.5,G,Physics,36.3,39
A42B,136398,88730,65612,1878,9999,8.22,A,Human Necessities,65.05,8121
B65C,135543,96472,49596,1896,9999,7.27,B,Performing Operations; Transporting,71.17,8103
G10H,134246,86226,57388,1903,9999,10.89,G,Physics,64.23,8096
G21F,131028,79419,50035,1903,9999,7.29,G,Physics,60.61,8096
H05H,130846,78732,60465,1904,9999,17.42,H,Electricity,60.17,8095
F23N,127687,72658,67622,1880,9999,5.7,F,Mechanical Engineering; Lighting; Heating; Weapons; Blasting,56.9,8119
G05G,127019,75314,58810,1900,9999,8.75,G,Physics,59.29,8099
A22C,126990,91267,65850,1901,9999,6.48,A,Human Necessities,71.87,8098
H03G,126685,79494,53494,1819,9999,14.24,H,Electricity,62.75,8180
G04G,126390,64052,55540,1905,9999,11.25,G,Physics,50.68,8094
F16G,122835,80928,58478,1882,9999,8.4,F,Mechanical Engineering; Lighting; Heating; Weapons; Blasting,65.88,8117
B42F,121843,76282,78784,1879,9999,3.31,B,Performing Operations; Transporting,62.61,8120
E01H,121664,86697,88363,1887,9999,4.06,E,Fixed Constructions,71.26,8112
A45B,121617,84288,62582,1878,9999,2.82,A,Human Necessities,69.31,8121
E06C,120964,89825,50247,1883,9999,3.29,E,Fixed Constructions,74.26,8116
B24C,118923,81525,50074,1902,9999,5.4,B,Performing Operations; Transporting,68.55,8097
D21C,118050,71813,32771,1881,9999,13.29,D,Textiles; Paper,60.83,8118
B67C,117964,89840,54652,1898,9999,4.62,B,Performing Operations; Transporting,76.16,8101
F17D,116194,82455,67754,1902,9999,4.44,F,Mechanical Engineering; Lighting; Heating; Weapons; Blasting,70.96,8097
F24J,116151,71181,71684,1881,9999,8.39,F,Mechanical Engineering; Lighting; Heating; Weapons; Blasting,61.28,8118
E21C,116080,86284,64457,1901,9999,6.1,E,Fixed Constructions,74.33,8098
A21C,116054,85146,62433,1898,9999,5.43,A,Human Necessities,73.37,8101
H02N,115842,63345,75249,1899,9999,10.12,H,Electricity,54.68,8100
H10B,114971,66201,35247,1953,9999,15.43,H,Electricity,57.58,8046
B27B,114038,79981,55520,1877,9999,6.25,B,Performing Operations; Transporting,70.14,8122
C25C,112720,76212,46068,1894,9999,6.82,C,Chemistry; Metallurgy,67.61,8105
C10J,111762,73556,43686,1885,9999,9.79,C,Chemistry; Metallurgy,65.81,8114
A24B,111752,68519,46065,1900,9999,14.67,A,Human Necessities,61.31,8099
H01T,110804,71802,53355,1888,9999,6.61,H,Electricity,64.8,8111
F23C,109226,72190,49792,1880,9999,10.74,F,Mechanical Engineering; Lighting; Heating; Weapons; Blasting,66.09,8119
F21K,106857,78806,61552,1898,9999,11.48,F,Mechanical Engineering; Lighting; Heating; Weapons; Blasting,73.75,8101
B23H,106090,71920,46008,1875,9999,5.8,B,Performing Operations; Transporting,67.79,8124
B63C,104885,67055,65550,1899,9999,5.46,B,Performing Operations; Transporting,63.93,8100
A41B,104406,64657,62464,1890,9999,7.48,A,Human Necessities,61.93,8109
A23P,101635,59954,61034,1902,9999,7.45,A,Human Necessities,58.99,8097
A24D,101112,56006,26268,1895,9999,23.92,A,Human Necessities,55.39,8104
F02K,101033,71427,38305,1881,9999,12.8,F,Mechanical Engineering; Lighting; Heating; Weapons; Blasting,70.7,8118
F02N,100844,64804,50621,1902,9999,9.11,F,Mechanical Engineering; Lighting; Heating; Weapons; Blasting,64.26,8097
D06N,99807,57369,41695,1891,9999,10.79,D,Textiles; Paper,57.48,8108
C12G,98644,45846,68169,1889,9999,3.74,C,Chemistry; Metallurgy,46.48,8110
H03B,98641,61613,50153,1881,9999,10.17,H,Electricity,62.46,8118
D06C,98085,65430,65618,1877,9999,4.42,D,Textiles; Paper,66.71,8122
F23Q,97434,60164,57115,1870,9999,3.91,F,Mechanical Engineering; Lighting; Heating; Weapons; Blasting,61.75,8129
A23J,96965,51432,27486,1895,9999,13.16,A,Human Necessities,53.04,8104
G01H,94676,55860,64759,1909,9999,8.75,G,Physics,59.0,8090
H03J,93792,54980,44165,1901,9999,13.08,H,Electricity,58.62,8098
D01G,91973,67308,43064,1877,9999,5.18,D,Textiles; Paper,73.18,8122
G07G,90862,47832,50394,1900,9999,18.39,G,Physics,52.64,8099
B03B,90660,61195,47342,1877,9999,6.34,B,Performing Operations; Transporting,67.5,8122
G04C,89489,48303,49873,1889,9999,5.05,G,Physics,53.98,8110
G07B,88612,46043,55371,1877,9999,13.77,G,Physics,51.96,8122
A43D,88473,65863,54243,1891,9999,4.91,A,Human Necessities,74.44,8108
C23G,87032,51253,47062,1902,9999,8.55,C,Chemistry; Metallurgy,58.89,8097
A45F,86641,58348,59332,1894,9999,7.31,A,Human Necessities,67.34,8105
B61F,85901,62547,40453,1877,9999,6.18,B,Performing Operations; Transporting,72.81,8122
F01C,85899,52890,33848,1878,9999,8.59,F,Mechanical Engineering; Lighting; Heating; Weapons; Blasting,61.57,8121
C40B,84604,38501,21471,1946,9999,78.85,C,Chemistry; Metallurgy,45.51,8053
A23D,84115,46553,25697,1877,9999,16.46,A,Human Necessities,55.34,8122
F23L,83273,52048,54978,1881,9999,5.1,F,Mechanical Engineering; Lighting; Heating; Weapons; Blasting,62.5,8118
B64G,82567,52274,37526,1936,9999,10.33,B,Performing Operations; Transporting,63.31,8063
F23R,82096,54569,22461,1902,9999,18.82,F,Mechanical Engineering; Lighting; Heating; Weapons; Blasting,66.47,8097
B61B,81733,51633,46352,1877,9999,6.21,B,Performing Operations; Transporting,63.17,8122
B27N,80700,47499,31393,1904,9999,9.21,B,Performing Operations; Transporting,58.86,8095
A47D,80363,57850,47154,1881,9999,6.71,A,Human Necessities,71.99,8118
B67B,79600,57616,52470,1890,9999,5.77,B,Performing Operations; Transporting,72.38,8109
A62D,79204,45226,22250,1901,9999,13.82,A,Human Necessities,57.1,8098
B27K,78995,40522,31213,1898,9999,6.38,B,Performing Operations; Transporting,51.3,8101
B64F,78118,51902,50279,1901,9999,9.38,B,Performing Operations; Transporting,66.44,8098
G10D,77125,53393,42883,1877,9999,3.89,G,Physics,69.23,8122
B25D,76797,52388,34109,1900,9999,9.2,B,Performing Operations; Transporting,68.22,8099
B04C,76097,52487,26772,1870,9999,13.28,B,Performing Operations; Transporting,68.97,8129
B21K,75442,51444,45205,1886,9999,6.3,B,Performing Operations; Transporting,68.19,8113
G21K,74267,43986,34539,1901,9999,17.93,G,Physics,59.23,8098
F03G,73945,34317,48474,1877,9999,7.15,F,Mechanical Engineering; Lighting; Heating; Weapons; Blasting,46.41,8122
F25C,73192,44656,37135,1880,9999,7.64,F,Mechanical Engineering; Lighting; Heating; Weapons; Blasting,61.01,8119
F41G,71617,49677,32890,1889,9999,11.35,F,Mechanical Engineering; Lighting; Heating; Weapons; Blasting,69.36,8110
B81B,70306,38768,34050,1960,2024,23.05,B,Performing Operations; Transporting,55.14,64
B25C,70287,47660,29075,1902,9999,15.29,B,Performing Operations; Transporting,67.81,8097
F25J,70112,44171,23475,1896,9999,16.58,F,Mechanical Engineering; Lighting; Heating; Weapons; Blasting,63.0,8103
A47H,69948,48333,43627,1889,9999,3.7,A,Human Necessities,69.1,8110
B06B,68646,43108,38066,1904,9999,14.51,B,Performing Operations; Transporting,62.8,8095
C06B,68562,47254,25022,1889,9999,8.7,C,Chemistry; Metallurgy,68.92,8110
H03D,67967,45856,30283,1899,9999,13.12,H,Electricity,67.47,8100
B09C,67898,39726,39333,1954,9999,8.55,B,Performing Operations; Transporting,58.51,8045
G06G,67558,49496,42623,1891,9999,15.16,G,Physics,73.26,8108
F41H,66586,42416,33751,1878,9999,10.26,F,Mechanical Engineering; Lighting; Heating; Weapons; Blasting,63.7,8121
B03D,66125,42340,24938,1892,9999,7.25,B,Performing Operations; Transporting,64.03,8107
F24B,66105,48687,39921,1877,9999,2.6,F,Mechanical Engineering; Lighting; Heating; Weapons; Blasting,73.65,8122
B27C,66090,49582,44231,1894,9999,5.56,B,Performing Operations; Transporting,75.02,8105
B25F,64926,40481,36087,1898,9999,14.87,B,Performing Operations; Transporting,62.35,8101
B60D,64711,44880,32012,1901,9999,7.0,B,Performing Operations; Transporting,69.35,8098
A61D,64336,46402,43237,1883,9999,8.95,A,Human Necessities,72.12,8116
B41K,64284,43271,32395,1902,9999,3.23,B,Performing Operations; Transporting,67.31,8097
A21B,64159,46296,34193,1901,9999,6.55,A,Human Necessities,72.16,8098
F23K,63757,40034,42816,1896,9999,4.16,F,Mechanical Engineering; Lighting; Heating; Weapons; Blasting,62.79,8103
H04S,63582,36868,22823,1921,9999,21.89,H,Electricity,57.98,8078
B23F,63542,46249,31580,1875,9999,5.01,B,Performing Operations; Transporting,72.78,8124
G03H,63090,35004,23115,1947,9999,17.14,G,Physics,55.48,8052
G03D,62393,36500,32538,1897,9999,4.88,G,Physics,58.5,8102
A24C,61885,41321,24655,1880,9999,10.57,A,Human Necessities,66.77,8119
D06L,61470,34867,15846,1882,9999,20.19,D,Textiles; Paper,56.72,8117
F21L,61356,44022,48639,1878,9999,5.93,F,Mechanical Engineering; Lighting; Heating; Weapons; Blasting,71.75,8121
D07B,61306,40808,27793,1891,9999,8.18,D,Textiles; Paper,66.56,8108
H01K,59948,35353,26991,1879,9999,6.13,H,Electricity,58.97,8120
C01D,59852,36404,32278,1866,9999,6.61,C,Chemistry; Metallurgy,60.82,8133
D06H,59075,44454,46410,1902,9999,4.24,D,Textiles; Paper,75.25,8097
A41C,57499,40436,30639,1876,9999,5.75,A,Human Necessities,70.32,8123
F01B,57386,36229,28093,1877,9999,8.14,F,Mechanical Engineering; Lighting; Heating; Weapons; Blasting,63.13,8122
G01Q,56842,33692,13650,1904,9999,20.65,G,Physics,59.27,8095
B41N,56257,31945,24961,1877,9999,10.29,B,Performing Operations; Transporting,56.78,8122
A01J,55834,38837,24582,1859,9999,9.45,A,Human Necessities,69.56,8140
B23G,55789,42243,35235,1874,9999,2.81,B,Performing Operations; Transporting,75.72,8125
A63G,55701,37942,32231,1881,9999,5.99,A,Human Necessities,68.12,8118
B27G,55522,40336,42284,1877,9999,4.8,B,Performing Operations; Transporting,72.65,8122
G06M,54670,35695,31726,1877,9999,8.21,G,Physics,65.29,8122
B27D,53931,33745,37550,1902,9999,3.21,B,Performing Operations; Transporting,62.57,8097
F42C,53677,38774,19772,1886,9999,6.65,F,Mechanical Engineering; Lighting; Heating; Weapons; Blasting,72.24,8113
F04F,52878,35056,29372,1877,9999,7.09,F,Mechanical Engineering; Lighting; Heating; Weapons; Blasting,66.3,8122
B27M,52454,31898,35469,1901,9999,9.34,B,Performing Operations; Transporting,60.81,8098
B62H,51502,34793,36648,1894,9999,4.03,B,Performing Operations; Transporting,67.56,8105
B02B,51090,32673,29008,1877,9999,2.64,B,Performing Operations; Transporting,63.95,8122
A43C,49788,33414,25324,1878,9999,15.65,A,Human Necessities,67.11,8121
H05G,49127,31735,21389,1902,9999,14.15,H,Electricity,64.6,8097
F28G,49104,34558,27353,1893,9999,4.14,F,Mechanical Engineering; Lighting; Heating; Weapons; Blasting,70.38,8106
A41H,48407,32692,32559,1885,9999,5.19,A,Human Necessities,67.54,8114
F41B,48326,34416,28023,1889,9999,8.1,F,Mechanical Engineering; Lighting; Heating; Weapons; Blasting,71.22,8110
C12C,48299,28167,17721,1887,9999,8.71,C,Chemistry; Metallurgy,58.32,8112
B25G,48299,32526,27117,1889,9999,8.18,B,Performing Operations; Transporting,67.34,8110
B44B,48252,36912,24991,1894,9999,3.76,B,Performing Operations; Transporting,76.5,8105
C11C,47648,29081,19819,1857,9999,14.89,C,Chemistry; Metallurgy,61.03,8142
G16Y,47630,18905,19865,2006,2024,2.66,G,Physics,39.69,18
B31F,46982,31810,24890,1902,9999,11.92,B,Performing Operations; Transporting,67.71,8097
B81C,46959,26495,26149,1952,2024,21.78,B,Performing Operations; Transporting,56.42,72
F02G,46615,26537,23166,1894,9999,11.87,F,Mechanical Engineering; Lighting; Heating; Weapons; Blasting,56.93,8105
F42D,46535,31100,23001,1895,9999,6.52,F,Mechanical Engineering; Lighting; Heating; Weapons; Blasting,66.83,8104
C10K,46369,30192,20700,1886,9999,8.06,C,Chemistry; Metallurgy,65.11,8113
B64U,46100,27539,16892,2002,2024,2.04,B,Performing Operations; Transporting,59.74,22
C01C,44853,28739,24455,1894,9999,7.16,C,Chemistry; Metallurgy,64.07,8105
B44D,44791,31920,31865,1894,9999,5.45,B,Performing Operations; Transporting,71.26,8105
G01W,44741,27305,33062,1903,9999,7.26,G,Physics,61.03,8096
D05C,44732,30754,24875,1885,9999,5.33,D,Textiles; Paper,68.75,8114
B61C,44480,30845,29084,1877,9999,5.25,B,Performing Operations; Transporting,69.35,8122
G12B,44094,25638,33388,1918,9999,5.69,G,Physics,58.14,8081
B82B,43764,26117,26663,1975,2024,24.18,B,Performing Operations; Transporting,59.68,49
G09C,42990,24319,21043,1902,9999,54.16,G,Physics,56.57,8097
D02J,42920,26338,23116,1900,9999,6.8,D,Textiles; Paper,61.37,8099
F22D,42727,28092,31533,1890,9999,2.39,F,Mechanical Engineering; Lighting; Heating; Weapons; Blasting,65.75,8109
B41C,42617,25720,20875,1882,9999,12.37,B,Performing Operations; Transporting,60.35,8117
C14C,42256,27670,18989,1879,9999,6.58,C,Chemistry; Metallurgy,65.48,8120
B21H,42126,29759,24772,1884,9999,5.03,B,Performing Operations; Transporting,70.64,8115
F28B,41418,30355,24050,1885,9999,3.31,F,Mechanical Engineering; Lighting; Heating; Weapons; Blasting,73.29,8114
C08C,40383,27632,13421,1905,9999,13.51,C,Chemistry; Metallurgy,68.42,8094
B61G,40123,29129,20540,1892,9999,4.45,B,Performing Operations; Transporting,72.6,8107
B42C,39816,27736,19084,1902,9999,33.97,B,Performing Operations; Transporting,69.66,8097
H05F,39747,27151,30350,1902,9999,5.68,H,Electricity,68.31,8097
F28C,39069,28530,28190,1902,9999,4.87,F,Mechanical Engineering; Lighting; Heating; Weapons; Blasting,73.02,8097
B27L,38829,27014,25745,1882,9999,3.76,B,Performing Operations; Transporting,69.57,8117
G04F,38617,24013,23781,1888,9999,8.21,G,Physics,62.18,8111
B60M,38582,25514,25122,1889,9999,6.1,B,Performing Operations; Transporting,66.13,8110
B41L,37998,26451,21534,1899,9999,16.09,B,Performing Operations; Transporting,69.61,8100
B62L,37907,27354,23603,1889,9999,5.28,B,Performing Operations; Transporting,72.16,8110
F03C,37806,23219,13754,1881,9999,7.09,F,Mechanical Engineering; Lighting; Heating; Weapons; Blasting,61.42,8118
A41F,37657,25680,28893,1890,9999,4.84,A,Human Necessities,68.19,8109
C25F,37559,23319,17948,1904,9999,9.01,C,Chemistry; Metallurgy,62.09,8095
B44F,37067,23226,19168,1899,9999,18.26,B,Performing Operations; Transporting,62.66,8100
D03C,36940,26347,15677,1896,9999,4.66,D,Textiles; Paper,71.32,8103
D21B,36761,23550,15807,1902,9999,8.88,D,Textiles; Paper,64.06,8097
F23M,36665,24297,23600,1856,9999,6.03,F,Mechanical Engineering; Lighting; Heating; Weapons; Blasting,66.27,8143
C12H,36516,21007,20955,1889,9999,6.67,C,Chemistry; Metallurgy,57.53,8110
C14B,36282,26694,20691,1884,9999,2.43,C,Chemistry; Metallurgy,73.57,8115
G16C,35934,11119,18865,1995,2024,2.91,G,Physics,30.94,29
G21D,35892,19346,19104,1918,9999,6.19,G,Physics,53.9,8081
D21D,35464,23377,15507,1899,9999,8.36,D,Textiles; Paper,65.92,8100
B63G,35194,22037,19537,1892,9999,6.4,B,Performing Operations; Transporting,62.62,8107
B61K,35044,25952,25799,1891,9999,4.55,B,Performing Operations; Transporting,74.06,8108
B61H,34969,25802,20994,1894,9999,4.37,B,Performing Operations; Transporting,73.79,8105
C13B,33058,20553,15165,1845,9999,7.74,C,Chemistry; Metallurgy,62.17,8154
H04K,32783,22357,21075,1903,9999,38.59,H,Electricity,68.2,8096
E05G,32527,22499,18356,1894,9999,5.2,E,Fixed Constructions,69.17,8105
D21G,31153,20291,12163,1899,9999,9.31,D,Textiles; Paper,65.13,8100
H03C,31058,21818,14754,1881,9999,12.13,H,Electricity,70.25,8118
F41J,29160,19868,16107,1890,9999,5.78,F,Mechanical Engineering; Lighting; Heating; Weapons; Blasting,68.13,8109
C09G,28573,15916,12432,1902,9999,15.4,C,Chemistry; Metallurgy,55.7,8097
F41C,28533,20190,15515,1878,9999,11.26,F,Mechanical Engineering; Lighting; Heating; Weapons; Blasting,70.76,8121
B68G,28509,17505,16366,1901,9999,9.33,B,Performing Operations; Transporting,61.4,8098
F16P,28487,19594,18313,1900,9999,7.56,F,Mechanical Engineering; Lighting; Heating; Weapons; Blasting,68.78,8099
C10C,27817,19426,14934,1866,9999,10.2,C,Chemistry; Metallurgy,69.83,8133
B43M,26867,17622,20791,1899,9999,4.23,B,Performing Operations; Transporting,65.59,8100
B63J,26433,14910,17340,1903,9999,5.19,B,Performing Operations; Transporting,56.41,8096
B27F,25920,18454,16430,1877,9999,19.21,B,Performing Operations; Transporting,71.2,8122
A46D,25778,16195,12259,1895,9999,12.18,A,Human Necessities,62.82,8104
D03J,24835,17553,17751,1898,9999,2.79,D,Textiles; Paper,70.68,8101
B41B,24798,16573,15710,1854,9999,3.55,B,Performing Operations; Transporting,66.83,8145
D04C,24602,16198,14105,1899,9999,9.64,D,Textiles; Paper,65.84,8100
A41G,24581,14416,17198,1901,9999,5.46,A,Human Necessities,58.65,8098
C05C,24489,15279,10706,1894,9999,9.18,C,Chemistry; Metallurgy,62.39,8105
C05D,24388,13523,12308,1899,9999,7.74,C,Chemistry; Metallurgy,55.45,8100
A22B,24164,16865,12925,1899,9999,5.63,A,Human Necessities,69.79,8100
G10G,23435,15440,18399,1892,9999,5.13,G,Physics,65.88,8107
B31D,23114,14755,12628,1902,9999,13.5,B,Performing Operations; Transporting,63.84,8097
G10C,22206,13791,14314,1897,9999,2.58,G,Physics,62.1,8102
C05B,21929,14259,12354,1894,9999,6.15,C,Chemistry; Metallurgy,65.02,8105
D01B,21602,15494,16047,1900,9999,2.71,D,Textiles; Paper,71.72,8099
F16S,21409,15162,17258,1931,9999,4.72,F,Mechanical Engineering; Lighting; Heating; Weapons; Blasting,70.82,8068
F23H,21400,14671,12367,1878,9999,3.99,F,Mechanical Engineering; Lighting; Heating; Weapons; Blasting,68.56,8121
C13K,20911,13562,7886,1883,9999,15.52,C,Chemistry; Metallurgy,64.86,8116
C07G,20630,13262,8012,1903,9999,15.83,C,Chemistry; Metallurgy,64.29,8096
D21J,20458,12913,12133,1898,9999,6.7,D,Textiles; Paper,63.12,8101
B64B,20208,12043,10536,1879,9999,11.16,B,Performing Operations; Transporting,59.6,8120
B42B,20155,14747,13668,1883,9999,4.64,B,Performing Operations; Transporting,73.17,8116
F23B,20114,13356,14158,1903,9999,3.33,F,Mechanical Engineering; Lighting; Heating; Weapons; Blasting,66.4,8096
G21B,20053,8285,7898,1934,9999,6.41,G,Physics,41.32,8065
A63D,20039,13643,13955,1877,9999,4.29,A,Human Necessities,68.08,8122
F22G,19496,13043,13723,1893,9999,3.41,F,Mechanical Engineering; Lighting; Heating; Weapons; Blasting,66.9,8106
C08H,19377,10693,8895,1900,9999,25.09,C,Chemistry; Metallurgy,55.18,8099
F16T,19241,13088,11571,1894,9999,3.42,F,Mechanical Engineering; Lighting; Heating; Weapons; Blasting,68.02,8105
F15C,19178,13324,8710,1916,9999,20.07,F,Mechanical Engineering; Lighting; Heating; Weapons; Blasting,69.48,8083
D02H,18886,14492,10677,1902,9999,3.08,D,Textiles; Paper,76.73,8097
A63J,18323,12671,12826,1895,9999,7.16,A,Human Necessities,69.15,8104
B60F,18225,11278,13747,1902,9999,6.05,B,Performing Operations; Transporting,61.88,8097
D06G,17837,13924,17060,1903,9999,1.3,D,Textiles; Paper,78.06,8096
G06C,17553,10971,13160,1891,9999,4.48,G,Physics,62.5,8108
F15D,16809,10389,9159,1905,9999,12.45,F,Mechanical Engineering; Lighting; Heating; Weapons; Blasting,61.81,8094
F41F,16695,11986,9669,1873,9999,6.3,F,Mechanical Engineering; Lighting; Heating; Weapons; Blasting,71.79,8126
B60V,14983,9940,5979,1907,9999,6.91,B,Performing Operations; Transporting,66.34,8092
G16Z,14925,7838,5349,1986,2024,71.06,G,Physics,52.52,38
G21G,14918,9168,6078,1904,9999,13.14,G,Physics,61.46,8095
G04R,14435,8472,7321,1910,9999,8.05,G,Physics,58.69,8089
D06Q,13931,8067,8359,1883,9999,9.32,D,Textiles; Paper,57.91,8116
G04D,13431,9189,8663,1888,9999,3.6,G,Physics,68.42,8111
C23D,12809,8315,6427,1877,9999,5.67,C,Chemistry; Metallurgy,64.92,8122
C12J,11827,5434,9387,1902,9999,2.72,C,Chemistry; Metallurgy,45.95,8097
C06D,11819,7546,5141,1902,9999,15.45,C,Chemistry; Metallurgy,63.85,8097
B27J,11757,7529,10759,1884,9999,2.02,B,Performing Operations; Transporting,64.04,8115
C06C,10820,7606,4832,1902,9999,11.33,C,Chemistry; Metallurgy,70.3,8097
C12S,10420,6080,3370,1960,2016,38.34,C,Chemistry; Metallurgy,58.35,56
D04D,10185,5786,6788,1899,9999,3.98,D,Textiles; Paper,56.81,8100
A42C,9940,6587,7603,1877,9999,6.64,A,Human Necessities,66.27,8122
G10F,9577,5816,7401,1894,9999,2.55,G,Physics,60.73,8105
C09F,9552,6737,6062,1895,9999,6.03,C,Chemistry; Metallurgy,70.53,8104
B21L,9326,6664,5892,1895,9999,4.26,B,Performing Operations; Transporting,71.46,8104
B21G,9236,6597,5061,1901,9999,5.64,B,Performing Operations; Transporting,71.43,8098
B31C,8968,6216,4740,1902,9999,7.25,B,Performing Operations; Transporting,69.31,8097
B61J,7930,5312,5688,1902,9999,3.24,B,Performing Operations; Transporting,66.99,8097
D01C,7927,4957,5582,1877,9999,4.29,D,Textiles; Paper,62.53,8122
F24V,7867,4161,4076,1882,9999,21.51,F,Mechanical Engineering; Lighting; Heating; Weapons; Blasting,52.89,8117
G06E,7416,4830,4131,1933,9999,20.01,G,Physics,65.13,8066
A01L,7414,4478,4207,1877,9999,4.84,A,Human Necessities,60.4,8122
G09D,7319,3880,6023,1896,9999,2.17,G,Physics,53.01,8103
F24T,7318,4356,5209,1980,2024,2.29,F,Mechanical Engineering; Lighting; Heating; Weapons; Blasting,59.52,44
G10B,6399,3808,5242,1901,9999,2.26,G,Physics,59.51,8098
G21H,6256,3737,3152,1904,9999,9.68,G,Physics,59.73,8095
B68C,5869,3686,3336,1884,9999,4.7,B,Performing Operations; Transporting,62.8,8115
F17B,5832,4016,3776,1903,9999,2.24,F,Mechanical Engineering; Lighting; Heating; Weapons; Blasting,68.86,8096
B68B,5570,3939,4302,1891,9999,2.53,B,Performing Operations; Transporting,70.72,8108
F03H,5569,3065,3724,1942,9999,7.73,F,Mechanical Engineering; Lighting; Heating; Weapons; Blasting,55.04,8057
A63K,4927,3485,4065,1901,9999,2.8,A,Human Necessities,70.73,8098
C10H,4784,3291,3852,1897,9999,0.94,C,Chemistry; Metallurgy,68.79,8102
C09H,4317,3010,2208,1902,9999,12.08,C,Chemistry; Metallurgy,69.72,8097
B27H,4300,2762,3298,1881,9999,2.67,B,Performing Operations; Transporting,64.23,8118
D04G,4203,2840,2965,1902,9999,5.99,D,Textiles; Paper,67.57,8097
G06J,4080,2946,2422,1920,9999,11.07,G,Physics,72.21,8079
E02C,4021,2810,3284,1895,9999,1.54,E,Fixed Constructions,69.88,8104
H05C,3987,2604,2702,1905,9999,6.27,H,Electricity,65.31,8094
C06F,3774,2001,2737,1870,9999,1.54,C,Chemistry; Metallurgy,53.02,8129
B01B,3577,2353,2164,1878,9999,15.87,B,Performing Operations; Transporting,65.78,8121
C12F,3391,2026,1983,1902,9999,7.6,C,Chemistry; Metallurgy,59.75,8097
C10F,3314,2432,2210,1877,9999,4.43,C,Chemistry; Metallurgy,73.39,8122
D06J,3124,2156,2112,1877,9999,6.33,D,Textiles; Paper,69.01,8122
B41G,3084,2394,2767,1897,9999,2.84,B,Performing Operations; Transporting,77.63,8102
B41D,3068,2291,2500,1854,9999,2.39,B,Performing Operations; Transporting,74.67,8145
B62C,2507,1622,2144,1881,9999,2.74,B,Performing Operations; Transporting,64.7,8118
C12L,1478,977,1232,1877,9999,2.39,C,Chemistry; Metallurgy,66.1,8122
F21H,1234,661,1043,1896,9999,2.19,F,Mechanical Engineering; Lighting; Heating; Weapons; Blasting,53.57,8103
B68F,1031,661,815,1906,9999,2.98,B,Performing Operations; Transporting,64.11,8093
G06D,983,796,778,1933,9999,31.66,G,Physics,80.98,8066
A99Z,557,367,554,1996,2023,9.09,A,Human Necessities,65.89,27
G21J,296,176,224,1939,9999,3.18,G,Physics,59.46,8060
G99Z,167,20,161,1998,2022,2.4,G,Physics,11.98,24
C99Z,69,45,46,1990,2021,17.57,C,Chemistry; Metallurgy,65.22,31
H99Z,54,23,48,2005,2022,2.89,H,Electricity,42.59,17
F99Z,45,34,45,2004,2022,1.8,F,Mechanical Engineering; Lighting; Heating; Weapons; Blasting,75.56,18
E99Z,26,14,26,1997,2023,4.88,E,Fixed Constructions,53.85,26
B99Z,24,8,24,2006,2022,0.92,B,Performing Operations; Transporting,33.33,16
D99Z,12,10,12,2005,2024,3.92,D,Textiles; Paper,83.33,19
C13D,4,4,4,1971,1991,12.0,C,Chemistry; Metallurgy,100.0,20
C13J,1,1,1,1973,1974,23.0,C,Chemistry; Metallurgy,100.0,1
C13F,1,1,1,1989,1990,6.0,C,Chemistry; Metallurgy,100.0,1
